ALBANY|42|N|73|W|M|5725936
ALPENA|45|N|83|W|S|2330102
ANACORTES|48|N|122|W|S|11975902
ANCHORAGE|61|N|149|W|S|2783910
ASHTABULA|41|N|80|W|S|4715833
BALTIMORE|39|N|76|W|L|44865703
BATON ROUGE|30|N|91|W|S|57871900
BEAUMONT|30|N|94|W|M|73672069
BILOXI|30|N|88|W|V|1612296
BOSTON|42|N|71|W|L|18407118
BRIDGEPORT|41|N|73|W|M|2593420
BROWNSVILLE|25|N|97|W|S|5907041
BRUNSWICK|31|N|81|W|S|2054068
BUFFALO|42|N|78|W|L|942885
BUFFINGTON|41|N|87|W|M|1530467
CALCITE|45|N|83|W|V|5590167
CAMDEN|39|N|75|W|M|6196937
CHARLESTON|32|N|79|W|S|17916618
CHESTER|39|N|75|W|L|1278686
CHICAGO|41|N|87|W|M|20351240
CLEVELAND|41|N|81|W|L|11573531
CONNEAUT|41|N|80|W|S|4669162
COOS BAY|43|N|124|W|S|2331800
CORPUS CHRISTI|27|N|97|W|M|70537732
DETROIT|42|N|83|W|L|13738737
DULUTH|46|N|92|W|M|35081473
ESCANABA|45|N|87|W|S|4127846
EVERETT|48|N|122|W|S|1093169
FALL RIVER|41|N|71|W|V|1772253
FREEPORT|28|N|95|W|V|23311868
GALVESTON|29|N|94|W|L|13743671
GARY|41|N|87|W|M|9723094
GREEN BAY|44|N|88|W|S|2177628
GULFPORT|30|N|89|W|S|2150948
HILO|19|N|155|W|M|1984285
HONOLULU|21|N|157|W|M|12657699
HOUSTON|29|N|95|W|L|237798639
INDIANA HARBOR|41|N|87|W|M|11977265
JACKSONVILLE|30|N|81|W|M|16827591
KAHULUI|20|N|156|W|V|3504332
KETCHIKAN|55|N|131|W|S|833156
LAKE CHARLES|30|N|93|W|S|54246843
LONG BEACH|33|N|118|W|M|80276183
LONGVIEW|46|N|122|W|S|6872889
LOS ANGELES|33|N|118|W|L|64991842
MARBLEHEAD|42|N|70|W|V|2937747
MARCUS HOOK|39|N|75|W|S|18826013
MARQUETTE|46|N|87|W|S|1774289
PORT OF MEMPHIS|35|N|90|W|S|12611541
MIAMI|25|N|80|W|S|7177761
MILWAUKEE|43|N|87|W|M|2901151
MOBILE|30|N|88|W|L|55552383
MONROE|41|N|83|W|V|2251328
MOREHEAD CITY|34|N|76|W|V|3569512
MORGAN CITY|29|N|91|W|V|1558100
MUSKEGON|43|N|86|W|S|1475723
NEW CASTLE|39|N|75|W|V|5049845
NEW HAVEN|41|N|72|W|S|8892297
NEW ORLEANS|29|N|90|W|L|77174712
NEW YORK CITY|40|N|74|W|L|139172674
NEWPORT NEWS|36|N|76|W|M|25200668
OAKLAND|37|N|122|W|L|18494837
OLYMPIA|47|N|122|W|S|1356552
ORANGE|30|N|93|W|V|696405
PALM BEACH|26|N|80|W|V|1813219
PANAMA CITY|30|N|85|W|S|2141874
PASCAGOULA|30|N|88|W|S|36862791
PAULSBORO|39|N|75|W|V|17582921
PENSACOLA|30|N|87|W|S|751573
PHILADELPHIA|39|N|75|W|L|30631987
POINT RICHMOND|37|N|122|W|S|24256158
PORT ANGELES|48|N|123|W|S|926974
PORT ARTHUR|29|N|93|W|M|30274736
PORT EVERGLADES|26|N|80|W|M|20955921
PORT HUENEME|34|N|119|W|V|1472179
PORT INLAND|45|N|85|W|V|4868189
PORT JEFFERSON|40|N|73|W|V|1222485
PORT MANATEE|27|N|82|W|S|3724433
PORTSMOUTH|43|N|70|W|S|3047443
PRESQUE ISLE|46|N|87|W|V|10604829
PROVIDENCE|41|N|71|W|M|7552842
REDWOOD CITY|37|N|122|W|V|895837
RICHMOND|37|N|77|W|V|902213
SAN DIEGO|32|N|117|W|M|1444019
SAN FRANCISCO|37|N|122|W|L|1376273
SANDUSKY|41|N|82|W|S|2370421
SAVANNAH|32|N|81|W|M|35459297
SEARSPORT|44|N|68|W|S|1727824
SEATTLE|47|N|122|W|L|26610253
SEWARD|60|N|149|W|S|1113196
STAMFORD|41|N|73|W|V|675329
STOCKTON|37|N|121|W|S|3482201
TACOMA|47|N|122|W|M|24151452
TAMPA|27|N|82|W|M|31407913
TEXAS CITY|29|N|94|W|S|57757532
TOLEDO|41|N|83|W|M|11127950
TWO HARBORS|47|N|91|W|S|15630264
VALDEZ|61|N|146|W|V|29838038
VANCOUVER|45|N|122|W|M|7963180
PORTLAND|43|N|70|W|M|13177968
PORTLAND|45|N|122|W|L|25479035
WILMINGTON|39|N|75|W|M|5628807
WILMINGTON|34|N|77|W|M|6972535
